"","book_id","ranks","ratings"
"1",14548,1,4.4
"2",13314,2,4.7
"3",14138,3,4.8
"4",14681,4,4.7
"5",13118,5,4.6
"6",14660,6,4.1
"7",12082,7,4.8
"8",11971,8,4.7
"9",13893,9,4.7
"10",13902,10,4.7
"11",12562,NA,4.7
"12",14489,12,4.7
"13",12474,13,4.6
"14",11516,14,4.4
"15",13410,15,4.8
"16",12803,16,4.6
"17",11440,17,4.7
"18",12511,18,4.4
"19",14582,19,4.7
"20",12639,20,4.5
"21",13995,21,4.6
"22",11426,22,4.8
"23",12125,23,4.7
"24",14514,24,4.5
"25",13615,25,4.5
"26",12403,26,4.5
"27",11011,27,4.5
"28",12446,28,4.8
"29",11566,29,4.5
"30",12940,30,4.7
"31",12979,31,4.9
"32",13977,32,4.6
"33",14595,33,4.3
"34",11181,34,4.7
"35",11049,35,4.3
"36",14671,36,4.6
"37",12475,37,4.4
"38",12784,38,4.7
"39",12414,NA,4.8
"40",13591,40,4.2
"41",12543,41,4.6
"42",13481,42,4.7
"43",14616,43,NA
"44",11997,44,4.6
"45",12279,45,4.8
"46",12598,46,4.6
"47",11732,47,4.7
"48",11736,48,4.6
"49",12274,51,4.8
"50",13290,NA,4.7
"51",11700,53,4.3
"52",12428,54,4.3
"53",12974,55,4.4
"54",13814,56,4.7
"55",14240,57,4.7
"56",12617,58,4.8
"57",14537,59,4.7
"58",13914,60,4.5
"59",12142,61,4.6
"60",14717,62,4.6
"61",12519,63,4.3
"62",14356,64,4.4
"63",12316,65,4.6
"64",14864,66,4.5
"65",13340,67,4.8
"66",11960,68,4.7
"67",12008,69,4.8
"68",13117,70,NA
"69",13896,71,4.7
"70",12583,72,4.3
"71",14460,73,4.5
"72",13543,74,4.6
"73",14086,75,4.7
"74",13112,76,4.4
"75",11976,77,4.6
"76",12509,78,4.6
"77",11248,79,4.7
"78",12910,80,4.1
"79",14132,81,4.7
"80",14729,82,4.6
"81",11506,83,4.6
"82",13621,84,4.3
"83",14125,85,4.3
"84",14140,86,4.5
"85",12728,87,4.7
"86",13106,NA,4.4
"87",12326,89,4.7
"88",14000,90,4.5
"89",13654,91,NA
"90",11556,92,4.6
"91",12589,NA,4.7
"92",11461,NA,4.5
"93",14404,95,4.3
"94",11911,96,3.5
"95",11501,97,4.7
"96",13219,98,4.6
"97",14500,99,4.7
"98",12018,1,4.7
"99",11421,2,4.5
"100",13557,3,4.6
"101",14182,4,4.8
"102",14792,5,4.7
"103",14406,6,4.8
"104",14972,7,4.1
"105",12957,8,4.6
"106",11638,9,4.4
"107",14923,10,4.5
"108",14941,11,4.4
"109",11981,12,4.7
"110",13392,13,4.5
"111",12210,14,4.8
"112",11965,15,4.6
"113",14026,16,4.7
"114",13113,17,4.7
"115",13835,18,4.7
"116",11694,19,4.6
"117",14213,20,4.6
"118",13635,21,4.5
"119",12107,22,4.4
"120",12263,23,4.5
"121",11410,24,4.7
"122",11168,25,NA
"123",14604,26,4.5
"124",13228,27,4.7
"125",12652,28,4.7
"126",11723,29,4.6
"127",12748,30,NA
"128",11202,31,NA
"129",14859,32,4.7
"130",12751,33,4.4
"131",12753,34,4.6
"132",14512,35,4.7
"133",11233,36,4.8
"134",11080,37,4.6
"135",14696,38,4.7
"136",12464,39,4.7
"137",14196,40,4.5
"138",14637,41,4.7
"139",12317,42,4.8
"140",13901,43,4.2
"141",12276,44,4.8
"142",11256,45,NA
"143",11033,46,4.7
"144",13288,47,4.8
"145",12015,48,4.6
"146",12415,49,4.7
"147",14451,51,4.6
"148",13840,52,4.2
"149",13630,53,4
"150",13821,NA,4
"151",13879,NA,4.7
"152",14689,NA,4.5
"153",13930,57,4.4
"154",13984,58,4.4
"155",13989,59,NA
"156",11804,60,4.4
"157",12764,61,4.3
"158",13269,62,4.8
"159",12518,63,4.4
"160",11353,64,4.6
"161",13114,65,4.1
"162",13299,66,4.8
"163",12093,67,4.5
"164",12139,68,4.6
"165",13786,NA,4.6
"166",12879,70,4.5
"167",13431,71,4.6
"168",12302,72,4.9
"169",13046,73,NA
"170",12257,74,4.8
"171",13904,75,4.7
"172",12673,76,4.8
"173",11138,77,4.7
"174",13357,78,4.5
"175",11443,79,4.5
"176",11027,80,4.7
"177",11280,81,4.6
"178",13539,82,4.7
"179",12546,83,4.7
"180",14083,84,4.7
"181",14807,85,4.7
"182",14437,NA,4.6
"183",14712,87,4.4
"184",14789,88,4.5
"185",11321,89,4.7
"186",13475,90,4.4
"187",12214,91,4.7
"188",11235,92,4.5
"189",12293,93,4.7
"190",14659,94,4.6
"191",13988,95,4.5
"192",11318,96,4.6
"193",13491,97,4.1
"194",13051,NA,4.6
"195",11708,1,4.7
"196",14599,2,4.7
"197",11777,3,4.8
"198",12767,4,4.1
"199",14139,5,NA
"200",14605,6,4.8
"201",13779,7,4.7
"202",11295,8,4.8
"203",12441,9,4.6
"204",14439,10,4.6
"205",14185,11,4.7
"206",13657,NA,4.3
"207",12785,13,4.5
"208",14560,14,4.8
"209",11998,15,4.7
"210",12874,16,4.5
"211",12306,NA,4.8
"212",14329,18,4.7
"213",12246,19,4.7
"214",14541,20,4.4
"215",14980,21,4.9
"216",12899,22,NA
"217",12051,23,4.6
"218",11185,24,4.3
"219",13936,25,4.4
"220",14063,26,4.5
"221",11622,27,4.7
"222",13233,28,4.7
"223",14669,29,4.7
"224",11618,30,4.7
"225",14226,31,4.5
"226",13315,32,4.6
"227",11294,NA,4.5
"228",13342,34,4.6
"229",11881,35,NA
"230",12656,36,4.8
"231",11840,37,4.5
"232",14459,38,4.5
"233",14146,39,4.5
"234",11711,40,4.4
"235",12075,41,4.8
"236",13729,42,4.6
"237",14849,43,4.4
"238",13851,44,4.7
"239",11417,45,4.7
"240",11854,46,4.5
"241",11167,47,NA
"242",11887,48,4.7
"243",12527,49,4.8
"244",11511,51,4.6
"245",14781,52,4.4
"246",14694,53,4.5
"247",11717,54,4.5
"248",13571,55,4.6
"249",13244,56,4.9
"250",14641,57,4.5
"251",12438,58,4.5
"252",12755,59,NA
"253",12409,60,4.8
"254",13534,61,4.4
"255",14880,62,4.5
"256",12547,63,NA
"257",11776,64,4.5
"258",14594,65,4.6
"259",13307,66,4.6
"260",11571,67,4.7
"261",11286,68,4.5
"262",12808,69,4.9
"263",11921,70,4.7
"264",14896,71,4.2
"265",11404,72,NA
"266",12180,73,4.4
"267",12356,74,4.6
"268",11825,NA,4.2
"269",13694,76,4
"270",11186,NA,4.6
"271",12252,78,4.9
"272",11044,79,4.6
"273",14633,80,4.6
"274",12750,NA,4.6
"275",14317,82,4.8
"276",11698,83,4.5
"277",12314,84,4.6
"278",12553,85,4.4
"279",14727,86,4.5
"280",12799,87,4.7
"281",14757,NA,4.5
"282",13771,89,4.7
"283",14243,90,4.4
"284",11871,NA,4.7
"285",11741,92,4.6
"286",11315,93,4.8
"287",14513,94,3.5
"288",12996,95,4.5
"289",11931,96,4.6
"290",12770,97,4.8
"291",14096,98,4.7
"292",14379,99,4.7
"293",13157,NA,4.4
"294",12260,1,4
"295",13227,2,4.5
"296",13124,3,4.5
"297",12731,NA,4.7
"298",13341,5,4.1
"299",12226,6,4.6
"300",12185,7,4.7
"301",11269,8,4.6
"302",11267,9,NA
"303",13789,10,4.6
"304",11783,11,4.8
"305",13553,12,4.1
"306",13445,13,4.8
"307",12479,14,4.4
"308",11400,15,4.6
"309",11103,16,4.6
"310",13723,17,4.5
"311",12471,18,4.7
"312",13264,19,4.8
"313",13197,20,4.4
"314",14282,21,4.7
"315",11577,22,4.8
"316",14156,23,4.6
"317",12041,24,3.4
"318",13090,25,4.7
"319",13983,26,4.7
"320",13338,27,4.7
"321",13812,28,4.4
"322",12393,29,4.9
"323",12020,30,4.6
"324",14284,31,4.6
"325",11986,32,4.6
"326",12331,33,4.5
"327",11335,34,4.4
"328",11026,35,4.3
"329",12855,36,4.9
"330",11828,37,4.7
"331",12161,38,4.7
"332",13008,39,4.8
"333",11018,40,NA
"334",13319,41,4.5
"335",12077,42,4.6
"336",13451,43,4.8
"337",13950,44,4.5
"338",13353,NA,4.7
"339",14790,46,4.9
"340",14701,47,4.5
"341",11480,48,4.6
"342",11356,49,4.5
"343",14483,50,4.5
"344",14715,NA,4.7
"345",14290,52,4.8
"346",14703,NA,4.8
"347",12495,54,4.5
"348",13332,55,4.5
"349",13985,56,NA
"350",11447,57,4.3
"351",11192,58,4.5
"352",11059,59,4.6
"353",14875,60,4.7
"354",14578,61,NA
"355",14630,62,4.4
"356",14567,63,4.7
"357",13768,64,4.5
"358",13110,65,4.3
"359",13613,66,4.7
"360",12922,67,4.8
"361",12942,68,4.5
"362",13335,69,4.6
"363",12439,70,4.5
"364",14051,71,4.6
"365",13054,72,4.6
"366",14209,73,NA
"367",12089,74,4.4
"368",13872,75,4.3
"369",11287,76,4.5
"370",12913,77,4.7
"371",12813,78,4.5
"372",14455,79,4.9
"373",11131,80,4.6
"374",11140,81,4.5
"375",14151,82,4.3
"376",13442,83,4.7
"377",13676,84,4.7
"378",11436,85,4.6
"379",13732,86,4.8
"380",12576,87,3.8
"381",13715,NA,4.5
"382",12830,89,4.5
"383",13852,90,4.7
"384",13261,91,4.8
"385",13804,92,4.8
"386",13402,93,4.6
"387",12981,94,4.8
"388",14640,95,4.8
"389",11270,96,4.6
"390",13144,97,NA
"391",13966,NA,NA
"392",11565,99,4.8
"393",12884,100,4.7
"394",14429,NA,4.1
"395",13266,2,4.5
"396",11816,3,4.8
"397",12345,NA,4.9
"398",13404,5,4.9
"399",13923,6,4.2
"400",14354,7,4.8
"401",13055,8,4.7
"402",13590,9,4.5
"403",14366,10,4.5
"404",12033,11,4.4
"405",12622,12,4.7
"406",14276,13,4.4
"407",12766,14,NA
"408",11151,NA,4.7
"409",13029,16,4.8
"410",13640,17,4.7
"411",12367,18,4.5
"412",13171,19,4.7
"413",12599,20,4.6
"414",13739,21,4.9
"415",11393,22,4.5
"416",12307,23,4.6
"417",14351,24,3.9
"418",14946,25,4.4
"419",12643,26,4.8
"420",14259,27,4.9
"421",11179,28,4.7
"422",11177,29,4.5
"423",13699,30,4
"424",12251,31,4.7
"425",12430,32,4.1
"426",14526,33,4.7
"427",11657,34,4.6
"428",14162,35,4.9
"429",14235,36,4.6
"430",12718,37,4.4
"431",14144,38,4.8
"432",14363,39,4.8
"433",11132,40,4.8
"434",14587,41,NA
"435",11751,42,4.8
"436",14606,43,4.6
"437",14944,44,4.6
"438",14491,45,4
"439",11371,NA,4.6
"440",13808,47,4.1
"441",11664,48,4.7
"442",11836,49,4.8
"443",14690,50,4.6
"444",11435,51,4.8
"445",13126,52,4.6
"446",14569,53,4.7
"447",11912,54,4.2
"448",13612,55,4.8
"449",11744,56,4.8
"450",14928,57,4.8
"451",14736,58,NA
"452",11692,59,4.8
"453",13850,60,4.5
"454",11427,61,4.7
"455",14464,62,4.4
"456",11204,63,4.7
"457",11222,64,4.8
"458",14186,65,4.7
"459",11125,66,4.6
"460",14050,67,4.6
"461",13726,68,4.6
"462",13477,69,4.9
"463",11885,70,4.7
"464",11855,71,4.6
"465",11444,72,4.6
"466",12347,73,4.3
"467",12502,74,4.9
"468",12756,75,4.6
"469",11273,76,4.7
"470",13426,77,4.6
"471",11691,78,4.7
"472",11795,79,3.8
"473",11191,80,4.7
"474",11787,81,4.7
"475",13086,82,4.7
"476",12901,83,4.5
"477",13186,84,4.5
"478",13183,85,4.5
"479",13645,86,4.5
"480",11613,87,4.7
"481",13248,88,4.5
"482",13799,89,4.6
"483",14754,90,4.4
"484",12533,NA,4.2
"485",12698,92,4.8
"486",11149,NA,4.7
"487",12001,94,NA
"488",13056,95,4.5
"489",11906,96,4.3
"490",12064,NA,4.7
"491",14339,98,4.4
"492",13565,99,4.5
"493",12361,100,4.8
"494",14846,1,4.1
"495",13738,2,NA
"496",12021,3,4.6
"497",12631,4,4.7
"498",11134,5,4.8
"499",14871,6,4.7
"500",14915,7,4.8
"501",12827,NA,4.9
"502",12477,NA,4.8
"503",13258,10,NA
"504",14977,11,4.8
"505",14373,12,4.7
"506",13745,13,4.7
"507",13955,14,4.9
"508",14639,15,4.8
"509",11053,16,4.1
"510",12436,17,4.7
"511",12545,18,4.4
"512",13832,19,4.8
"513",12640,20,4
"514",14861,21,4.7
"515",12629,22,4.8
"516",13435,23,NA
"517",14829,24,4.9
"518",14157,25,4.7
"519",12953,26,4.5
"520",13982,27,4.6
"521",13363,28,4.5
"522",13163,29,4.9
"523",12321,30,4.6
"524",12060,31,4.7
"525",11107,32,NA
"526",13544,33,4.7
"527",13573,34,4.6
"528",14091,35,4.5
"529",14886,36,NA
"530",12925,37,4.6
"531",13057,38,4.7
"532",14561,39,NA
"533",13733,40,4.6
"534",13589,41,NA
"535",11283,42,4.8
"536",13848,43,4.6
"537",14706,44,NA
"538",14069,45,4.6
"539",14924,46,4.5
"540",12916,47,4.8
"541",14529,48,4.9
"542",14382,49,4.6
"543",13324,51,3.9
"544",11463,52,4.3
"545",13428,53,4.6
"546",11914,54,4.7
"547",12997,55,4.7
"548",11645,56,4.7
"549",12591,57,4.8
"550",13655,58,4.6
"551",14957,59,4.9
"552",13497,NA,4.7
"553",14462,61,NA
"554",14082,62,4.7
"555",12453,63,4.6
"556",11628,64,4.9
"557",14094,NA,4.8
"558",14722,66,4.8
"559",12989,67,4.8
"560",11932,68,4.4
"561",13485,69,4.1
"562",13125,70,4.8
"563",13972,NA,4.9
"564",13620,72,4.5
"565",12789,NA,4.7
"566",14045,74,4.6
"567",14103,75,4.7
"568",11701,76,4.5
"569",12389,77,NA
"570",11851,78,4.8
"571",12973,79,4.7
"572",12040,80,NA
"573",14785,81,4.9
"574",11225,82,4.4
"575",13123,83,4.6
"576",14707,84,4.7
"577",12680,85,NA
"578",13182,86,4.6
"579",12586,87,4.9
"580",14422,NA,4.6
"581",13878,89,4.3
"582",14001,90,4.8
"583",11281,91,NA
"584",11405,92,4.7
"585",12222,93,4.7
"586",14862,94,4.7
"587",12512,95,4.6
"588",12164,96,4.7
"589",13457,97,4.9
"590",11261,98,4.7
"591",14835,99,4.7
"592",11304,100,4.5
"593",11048,1,4.7
"594",12270,2,4.5
"595",13450,3,4.6
"596",11045,4,4.7
"597",11535,5,4.1
"598",13718,6,3.7
"599",12860,7,4.7
"600",12305,8,4.6
"601",14155,9,4.1
"602",12626,10,4.5
"603",13664,11,4.8
"604",13221,12,4.8
"605",13214,13,4.6
"606",14515,14,4.5
"607",13045,15,4.9
"608",12127,16,4.7
"609",12759,17,4.9
"610",13151,18,4.5
"611",12987,19,4.8
"612",11298,20,4.8
"613",12615,21,4.8
"614",13081,22,4.9
"615",12310,NA,4.6
"616",12676,24,4.5
"617",11385,25,4.8
"618",14192,26,4.7
"619",14115,NA,4.8
"620",12213,28,4.6
"621",11861,29,4.7
"622",11124,30,NA
"623",12621,31,4.8
"624",14666,32,4.8
"625",14648,33,4.7
"626",11848,34,4.7
"627",11323,NA,4.8
"628",13918,36,4.9
"629",12593,37,4.9
"630",11039,38,4.5
"631",11219,39,4.7
"632",14764,40,4.7
"633",13885,41,4.8
"634",13721,42,4.7
"635",11078,43,4.6
"636",12550,44,NA
"637",12861,45,4.8
"638",11429,46,4.8
"639",11763,47,4.7
"640",12859,48,4.8
"641",11025,49,4.6
"642",14176,50,4.6
"643",11288,51,4.7
"644",14773,52,4.5
"645",11411,NA,4.7
"646",14194,54,4.6
"647",11166,55,4.4
"648",12080,56,4.7
"649",12653,57,4.7
"650",13022,58,4.9
"651",11587,59,4.9
"652",14556,60,4.7
"653",14607,61,4.4
"654",13625,62,4.8
"655",12282,63,4.2
"656",13719,64,4.7
"657",11993,65,4.8
"658",12896,66,4.6
"659",14747,67,4.8
"660",13216,68,4.7
"661",12775,69,4.6
"662",12946,70,4.6
"663",14750,71,4.8
"664",12029,72,4.4
"665",14626,73,4.5
"666",11984,74,4.7
"667",12199,75,4.6
"668",14971,76,4
"669",11716,77,4.7
"670",14535,78,4.8
"671",11388,79,4.9
"672",13174,80,4.4
"673",14009,81,NA
"674",12498,82,4.7
"675",13279,83,4.8
"676",12146,84,4.7
"677",11731,85,4.9
"678",14573,86,4.8
"679",11780,87,4.6
"680",11079,88,4.6
"681",11820,89,4.7
"682",11888,90,4.7
"683",13647,91,4.5
"684",13488,92,4.6
"685",14961,93,4.8
"686",14414,94,4.9
"687",13136,95,4.9
"688",13371,96,4.7
"689",14180,97,4.7
"690",12422,98,4.2
"691",13469,99,4.5
"692",11243,100,4.6
"693",13367,1,4.3
"694",14592,2,4.1
"695",14109,3,4.7
"696",14850,4,4.5
"697",13031,5,4.9
"698",13093,6,4.8
"699",11174,7,4.8
"700",14810,8,4.8
"701",12807,9,4.8
"702",12638,NA,4.6
"703",12067,11,NA
"704",13373,12,4.8
"705",12791,13,4.7
"706",13168,14,4.8
"707",11669,15,4.6
"708",12138,16,4.8
"709",12919,17,4.5
"710",11313,18,4.7
"711",12190,19,NA
"712",14175,20,4.1
"713",12972,21,NA
"714",11545,22,4.4
"715",12811,23,4.5
"716",11456,24,4.7
"717",11141,25,4.7
"718",13575,26,4.8
"719",15000,27,4.7
"720",14877,28,4.8
"721",13492,29,NA
"722",13659,30,4.7
"723",12094,31,NA
"724",13030,32,NA
"725",13677,33,4.9
"726",13066,34,4.7
"727",14490,35,4.6
"728",12708,NA,4.7
"729",14870,37,4.5
"730",11593,38,4.7
"731",14130,39,4.7
"732",14281,40,4.6
"733",11437,41,4.8
"734",11979,42,4.9
"735",12693,43,NA
"736",14390,NA,NA
"737",14169,45,4.9
"738",11139,46,4.9
"739",13562,NA,4.7
"740",13370,48,4.7
"741",14955,49,4.8
"742",13420,50,4.9
"743",14601,51,4.6
"744",12815,52,4.9
"745",13386,53,4.5
"746",14749,54,4.6
"747",12968,55,4.6
"748",14786,56,4.9
"749",11964,57,4.7
"750",13316,58,4.9
"751",12927,59,4.4
"752",11792,60,4.8
"753",14857,61,4.7
"754",14283,62,4.7
"755",13189,63,4.5
"756",11104,64,4.8
"757",12419,65,4.7
"758",12955,66,4.2
"759",13931,67,NA
"760",13430,68,4.5
"761",14048,69,4.9
"762",11978,70,4.8
"763",12435,71,4.5
"764",12047,72,4.6
"765",13703,73,4.5
"766",14241,74,4.5
"767",14080,75,4.8
"768",11982,76,4.9
"769",14848,77,4.6
"770",13720,78,4.9
"771",11293,79,4.8
"772",11667,80,4.7
"773",11037,81,4.7
"774",13662,82,4.8
"775",13096,83,4.7
"776",12729,84,4.4
"777",14007,85,NA
"778",12484,86,4.8
"779",14136,87,4.7
"780",11771,88,4.7
"781",14191,89,4.7
"782",12745,90,4.8
"783",11764,91,4.8
"784",11910,92,4.9
"785",11483,93,4.6
"786",12221,94,4.7
"787",13083,95,4.7
"788",12489,NA,NA
"789",13601,97,4.6
"790",11384,NA,4.9
"791",11988,99,4.8
"792",12357,100,4.8
"793",12328,1,4.8
"794",11086,2,4.7
"795",12111,3,NA
"796",13846,4,4.6
"797",11579,5,4.8
"798",11975,6,4.4
"799",14878,7,4.5
"800",14486,8,4.7
"801",14635,9,4.7
"802",14631,10,4.6
"803",13597,11,4.4
"804",11472,12,4.8
"805",13115,13,4.7
"806",11904,14,4.6
"807",13372,15,4.9
"808",11006,16,4.7
"809",14593,17,4.7
"810",11693,18,4.7
"811",12072,19,4.4
"812",14280,20,4.7
"813",13803,21,4.8
"814",14831,22,4.8
"815",11197,23,4.7
"816",12634,24,4.8
"817",11117,25,4.1
"818",14779,26,4.9
"819",13881,27,4.7
"820",11355,28,4.5
"821",14411,29,4.5
"822",13310,30,4.6
"823",13021,31,4.6
"824",13537,32,NA
"825",13680,33,4.9
"826",14074,34,4.5
"827",14394,35,4.6
"828",12106,36,4.9
"829",13490,37,4.9
"830",12565,38,4.8
"831",12616,39,4.9
"832",14899,40,4.9
"833",11611,41,4.9
"834",11370,42,4.8
"835",11209,43,4.6
"836",11893,44,4.7
"837",11788,45,4.5
"838",14518,46,4.7
"839",14840,47,4.9
"840",13527,48,4.9
"841",14201,49,4.7
"842",11060,50,4.6
"843",12129,51,4.8
"844",14030,52,4.7
"845",13479,53,4.6
"846",14148,54,4.5
"847",11709,55,4.6
"848",12706,56,4.6
"849",11425,57,4.9
"850",12231,58,4.8
"851",14453,59,4.6
"852",14768,60,4.5
"853",11327,61,4.7
"854",14965,62,4.7
"855",11502,63,4.2
"856",14618,64,4.9
"857",11676,65,4.8
"858",11617,66,4.7
"859",12998,67,4.7
"860",14131,68,4.6
"861",13887,69,4.3
"862",11346,70,4.6
"863",13409,71,NA
"864",13823,72,4.9
"865",13948,73,4.8
"866",11537,74,4.6
"867",13552,75,4.8
"868",14324,76,4.8
"869",14163,77,4.6
"870",14049,78,4.6
"871",11432,79,4.7
"872",14415,80,4.4
"873",14942,81,4.8
"874",12954,82,4.7
"875",13210,NA,4.6
"876",12418,NA,4.7
"877",12170,85,4.7
"878",14904,86,4.9
"879",14949,87,4.6
"880",13741,88,4.9
"881",13974,89,4.8
"882",14278,90,4.7
"883",12236,91,4.6
"884",12333,92,4.8
"885",13322,93,4.3
"886",13666,94,4.7
"887",11786,95,4.7
"888",11772,96,4.7
"889",11212,97,4.8
"890",14679,98,NA
"891",12379,99,4.8
"892",13408,100,4.9
"893",13446,1,4.8
"894",13617,2,4.6
"895",11727,3,4.8
"896",11402,4,NA
"897",11330,5,4.5
"898",14261,6,4.9
"899",13017,7,4.8
"900",11925,8,4.8
"901",14621,9,NA
"902",12005,10,4.6
"903",13702,11,4.7
"904",12737,12,4.3
"905",14285,13,4.8
"906",13592,14,4.8
"907",12587,15,4.7
"908",14651,16,4.9
"909",14866,17,4.7
"910",13323,18,4.7
"911",11633,19,4.4
"912",12050,20,4.8
"913",13975,21,4.9
"914",14119,22,4.8
"915",13172,23,4.9
"916",14609,24,4.4
"917",14800,25,4.8
"918",11839,26,4.4
"919",11826,27,4.7
"920",12196,28,4.9
"921",12574,29,4.7
"922",12548,30,4.9
"923",13196,NA,4.5
"924",11007,32,NA
"925",13466,33,4.8
"926",11729,34,NA
"927",11499,35,4.9
"928",11508,36,4.9
"929",11901,37,4.8
"930",11170,38,4.6
"931",11560,39,4.7
"932",11441,40,4.9
"933",14501,41,4.4
"934",12490,42,4.7
"935",11232,43,4.5
"936",12667,44,4.8
"937",11847,45,4.4
"938",14702,46,4.8
"939",13627,47,4.4
"940",11626,48,4.7
"941",12273,49,4.6
"942",12202,50,4.8
"943",14680,51,4.7
"944",12062,52,4.8
"945",12286,53,4.8
"946",12877,54,4.6
"947",13882,55,4.8
"948",12009,56,4.7
"949",11358,57,4.2
"950",11733,58,4.9
"951",13004,59,4.7
"952",12906,60,4.8
"953",14973,61,4.6
"954",11171,62,4.7
"955",11001,NA,4.6
"956",11058,64,4.7
"957",12204,65,4.5
"958",14673,66,4.6
"959",14018,67,4.8
"960",12298,68,4.6
"961",12149,69,NA
"962",12921,70,4.9
"963",14772,71,4.6
"964",13249,72,4.9
"965",11809,73,4.8
"966",14995,74,4.4
"967",13811,75,4.9
"968",11165,76,4.6
"969",14797,77,4.1
"970",14668,78,4.8
"971",11530,79,4.8
"972",13697,80,4.7
"973",14303,81,4.8
"974",13757,82,4.5
"975",14237,83,4.4
"976",11987,84,4.8
"977",12967,85,4.7
"978",14034,86,4.7
"979",12932,87,4.7
"980",11158,88,4.7
"981",12568,89,4.7
"982",11074,90,4.8
"983",11449,NA,4.4
"984",12088,92,4.7
"985",14522,93,4.5
"986",13185,94,4.8
"987",14391,95,4.8
"988",14999,96,4.7
"989",12497,NA,4.7
"990",14836,98,4.9
"991",14031,99,4.9
"992",14106,1,4.8
"993",13033,2,4.8
"994",14986,3,4.7
"995",12234,4,4.9
"996",14347,5,4.6
"997",13079,6,4.9
"998",11515,7,4.9
"999",11703,8,4.9
"1000",13633,9,4.8
"1001",14843,10,4.8
"1002",13679,11,4.6
"1003",13432,12,4.8
"1004",12702,13,NA
"1005",11474,14,4.6
"1006",14098,15,4.8
"1007",14739,16,4.9
"1008",12159,NA,4.8
"1009",11087,18,4.8
"1010",11054,19,4.8
"1011",13100,20,4.7
"1012",11525,21,4.9
"1013",11890,NA,4.9
"1014",11389,23,4.8
"1015",12053,24,4.8
"1016",14005,25,4.9
"1017",14938,26,4.5
"1018",11538,27,4.8
"1019",14983,28,4.5
"1020",11329,29,4.9
"1021",13159,30,4.8
"1022",14827,31,4.4
"1023",14823,32,4.8
"1024",13374,33,4.6
"1025",12373,34,4.9
"1026",12032,35,4.3
"1027",12304,36,4.8
"1028",12685,37,4.9
"1029",11815,38,4.9
"1030",11824,39,4.5
"1031",12623,40,4.8
"1032",14239,41,4.8
"1033",13637,42,4.7
"1034",11674,43,4.8
"1035",12917,44,4.8
"1036",12788,45,4.5
"1037",12250,46,4.7
"1038",12181,47,4.7
"1039",11685,NA,4.9
"1040",14765,49,4.7
"1041",12217,50,4.5
"1042",13277,51,4.7
"1043",12826,52,4.7
"1044",13909,53,4.7
"1045",12507,54,4.6
"1046",14427,55,4.8
"1047",11690,56,NA
"1048",13685,NA,4.8
"1049",12814,58,4.8
"1050",14776,59,4.7
"1051",12294,60,4.7
"1052",13376,61,4.6
"1053",11172,62,4.8
"1054",13938,63,4.8
"1055",14336,64,4.8
"1056",14070,65,4.7
"1057",14289,66,4.5
"1058",11726,67,4.9
"1059",14040,68,NA
"1060",11653,69,4.8
"1061",13583,70,4.4
"1062",13688,71,4.6
"1063",11014,72,4.1
"1064",14652,73,4.8
"1065",14555,74,4.5
"1066",11721,75,4.8
"1067",12595,76,4.7
"1068",11926,77,4.7
"1069",14420,78,4.7
"1070",11407,79,4.5
"1071",12024,80,4.8
"1072",13945,81,4.8
"1073",11768,82,4.9
"1074",14596,83,4.4
"1075",11831,84,4.9
"1076",13963,NA,4.8
"1077",12888,86,4.7
"1078",13234,87,4.8
"1079",14763,88,4.6
"1080",12354,NA,4.8
"1081",12885,90,4.5
"1082",11262,91,4.4
"1083",13876,92,NA
"1084",11380,93,4.7
"1085",12154,94,4.8
"1086",14881,95,4.8
"1087",11109,96,4.7
"1088",11875,NA,NA
"1089",14714,98,4.6
"1090",14405,99,4.8
"1091",12188,100,4.6
"1092",11559,1,4.9
"1093",12022,2,4.6
"1094",12026,3,4.8
"1095",14306,4,4.8
"1096",13146,5,4.8
"1097",14617,6,4.6
"1098",12501,7,4.8
"1099",14919,8,4.5
"1100",14533,9,4.8
"1101",14408,10,4.3
"1102",12666,11,4.7
"1103",13313,12,4.9
"1104",12866,13,4.9
"1105",14020,14,4.8
"1106",14890,15,4.7
"1107",13094,16,4.7
"1108",14036,17,4.6
"1109",11898,18,4.8
"1110",11497,19,NA
"1111",11775,20,4.8
"1112",14267,NA,4.6
"1113",12386,22,4.8
"1114",13242,23,4.5
"1115",11491,24,4.9
"1116",11155,25,4.8
"1117",14994,26,4.9
"1118",12416,27,4.8
"1119",11867,28,4.7
"1120",13875,29,4.8
"1121",14195,NA,4.8
"1122",14655,NA,4.9
"1123",11369,32,4.8
"1124",13088,33,4.9
"1125",12741,34,4.4
"1126",14374,35,4.8
"1127",14128,36,4.8
"1128",13295,37,4.8
"1129",13184,NA,4.8
"1130",12070,39,4.8
"1131",13787,40,4.8
"1132",13900,41,4.8
"1133",11949,42,4
"1134",12682,43,NA
"1135",12865,44,4.7
"1136",13678,45,4.9
"1137",12030,46,4.8
"1138",13153,47,4.6
"1139",14803,NA,4.7
"1140",11221,49,4.7
"1141",12522,NA,4.7
"1142",11263,NA,4.5
"1143",11241,52,4.6
"1144",11564,53,4.7
"1145",13459,54,4.9
"1146",14409,55,NA
"1147",11942,56,4.8
"1148",13585,57,4.8
"1149",14581,NA,4.7
"1150",11051,59,4.8
"1151",11042,60,4.8
"1152",13190,NA,4.7
"1153",14725,62,4.9
"1154",13026,63,4.7
"1155",12437,64,4.8
"1156",13593,65,4.6
"1157",14589,66,4.8
"1158",12605,67,4.7
"1159",13413,68,4.8
"1160",13377,69,4.9
"1161",11482,70,NA
"1162",12563,71,4.7
"1163",14672,72,4.7
"1164",12555,73,4.9
"1165",12681,74,4.7
"1166",12578,75,4.7
"1167",14945,76,4.7
"1168",12689,77,4.6
"1169",12895,78,4.9
"1170",12066,79,4.6
"1171",14947,80,4.9
"1172",13160,81,4.9
"1173",12558,82,4.9
"1174",13354,83,NA
"1175",11631,84,4.7
"1176",13857,85,4.3
"1177",14760,86,4.7
"1178",12850,87,NA
"1179",12875,88,4.7
"1180",12936,89,4.7
"1181",14341,90,4.9
"1182",11032,91,4.8
"1183",12909,92,4.6
"1184",12585,93,4.9
"1185",11620,94,4.8
"1186",13695,95,4.7
"1187",12534,96,NA
"1188",11782,97,4.6
"1189",12841,98,4.7
"1190",13795,99,4.7
"1191",12711,100,4.9
"1192",11850,1,4.8
"1193",11279,2,4.8
"1194",12124,NA,4.7
"1195",14613,4,4.8
"1196",11992,5,4.8
"1197",11362,6,4.9
"1198",11481,7,4.7
"1199",12277,8,NA
"1200",12203,9,4.9
"1201",13052,10,4.8
"1202",12099,11,4.3
"1203",12675,12,4.5
"1204",13337,NA,4.9
"1205",12058,14,4.3
"1206",13049,15,NA
"1207",13973,16,4.8
"1208",13204,17,4.6
"1209",12388,18,4.7
"1210",14742,19,4.9
"1211",11872,20,4.9
"1212",12838,21,4.7
"1213",11642,22,4.8
"1214",12163,23,4.6
"1215",11651,24,4.7
"1216",12487,25,4.6
"1217",14558,26,4.6
"1218",14173,27,4.7
"1219",14588,28,4.6
"1220",13429,29,4.8
"1221",13999,NA,4.7
"1222",12796,31,4.9
"1223",12491,32,4.7
"1224",14369,33,4.8
"1225",13177,34,4.8
"1226",13327,35,4.7
"1227",12773,36,4.8
"1228",11773,37,4.8
"1229",12268,38,4.6
"1230",11112,39,4.6
"1231",13873,40,4.8
"1232",12823,41,4.8
"1233",14576,42,4.8
"1234",11544,43,4.5
"1235",12341,44,4.7
"1236",13300,45,4.8
"1237",12611,46,4.7
"1238",12081,47,4.8
"1239",12390,48,4.8
"1240",12358,49,4.7
"1241",12976,50,4.9
"1242",11314,51,4.4
"1243",13398,52,4.8
"1244",12801,53,4.7
"1245",14677,54,4.9
"1246",14545,55,4.8
"1247",12683,56,4.9
"1248",14976,57,4.4
"1249",14210,58,4.9
"1250",12007,59,4.8
"1251",11312,60,4.9
"1252",11510,61,4.8
"1253",14874,62,4.7
"1254",14316,63,4.6
"1255",13032,64,4.8
"1256",12603,65,4.9
"1257",11635,66,4.6
"1258",14463,67,4.7
"1259",13672,68,4.7
"1260",13670,69,4.8
"1261",11856,70,4.7
"1262",12433,71,4.9
"1263",12398,72,4.5
"1264",13048,73,4.7
"1265",13704,NA,4.7
"1266",13287,75,4.8
"1267",13245,NA,4.6
"1268",13191,77,4.9
"1269",14433,78,4.8
"1270",11224,NA,4.3
"1271",14428,80,4.5
"1272",12375,81,4.8
"1273",12889,82,4.7
"1274",12580,83,4.8
"1275",14212,84,4.7
"1276",13616,85,4.7
"1277",13080,86,4.9
"1278",11607,87,4.8
"1279",11608,88,4.7
"1280",12028,89,4.9
"1281",11598,90,4.8
"1282",11030,91,4.7
"1283",13206,92,4.4
"1284",11862,93,4.9
"1285",13078,94,4.8
"1286",12102,95,4.7
"1287",13104,96,NA
"1288",14801,97,NA
"1289",13285,98,4.8
"1290",14540,99,4.8
"1291",14998,100,4.7
